bic,rmse,model,dof
-641.3379801239463,0.2421133198506906,pre,1.0
-570.0928460284596,0.25128320565001494,pred_U,11.0
-485.9241247591156,0.3404355198556458,pred_I,1.0
-601.6133963957631,0.26102462091518314,mean80,2.0
