id,qn,q1,q2,p_a,p_b,p_c,p_d,p_a_pre,p_b_pre,p_a_real,p_b_real,p_ab_real,p_a_pred_U,p_b_pred_U,p_a_pred_I,p_b_pred_I,p_a_mean80,p_b_mean80,p_ab_mean80,p_ab_pred_ols_U,p_ab_pred_ols_I
64014795,Q6,0,3,[0.5],[0.9],[0.9],[0.4],[0.5],[0.4],[0.7],[0.5],[0.8],0.7567458572403412,0.5919668082998032,0.9441980866783137,0.8973090876593436,0.5084070796460177,0.44964601769911505,0.5106194690265486,0.7111324694179716,0.8732452445174836
