bic,rmse,model,dof
-641.3379801239463,0.2421133198506906,pre,1.0
-504.44838475693456,0.2901905465677104,pred_U,11.0
-485.9241247591156,0.3404355198556458,pred_I,1.0
-601.6133963957631,0.26102462091518314,mean80,2.0
