bic,rmse,model,dof
-224.707053488703,0.22161191778707018,pre,1.0
-143.48762374806935,0.28439082044369624,pred_U,11.0
-162.42583311196364,0.3338435950324432,pred_I,1.0
-193.16869147025798,0.26505180333050643,mean80,2.0
