bic,rmse,model,dof
-498.09483312845265,0.2622001833908832,pre,1.0
-445.97927001034157,0.26202670298034186,pred_U,11.0
-460.39786301595296,0.28985076004864335,pred_I,1.0
-485.8180281420408,0.2671559687588067,mean80,2.0
