bic,rmse,model,dof
-176.08299921196922,0.24459788429174936,pre,1.0
-134.87202834250638,0.2438768884867386,pred_U,11.0
-164.879396529814,0.26697198278483303,pred_I,1.0
-186.12472516807446,0.2189127646282181,mean80,2.0
