bic,rmse,model,dof
-321.1910326622941,0.2394273138062807,pre,1.0
-205.34357531151863,0.32331424996758695,pred_U,11.0
-247.18648418093514,0.3312360397834122,pred_I,1.0
-289.43024333848723,0.26955670778789814,mean80,2.0
