,index,qn,k_fold,h_a,h_b,h_c,h_d,h_ab,h_ac,h_ad,h_bc,h_bd,h_cd
0,0,Q6,0,-0.7593554202835584,-0.47561334045531456,0.2079121049205761,-0.9163430166009356,-0.5721623265701724,-0.9369058530241985,-0.9987046709483913,0.7983402022374007,-0.28096156913742865,-0.16492174433296825
1,0,Q6,1,-1.0,-1.0,-0.9098339079762882,-0.31034395335480625,0.8882867728309778,-0.8614373482890951,1.0,-0.30432312721287536,0.8270288603768317,-1.0
