qn,h_a,h_b,h_c,h_d,h_ab,h_ac,h_ad,h_bc,h_bd,h_cd,qubits
Q6,0.36769137388558376,0.6052200425141616,0.6544118881809451,-0.46641433581295016,-0.8192939605408825,-0.863581303166591,-0.24415164134379996,-0.8407478446034964,0.9656342274608892,-0.6367742973384722,"[1, 3]"
