qn,h_a,h_b,h_c,h_d,h_ab,h_ac,h_ad,h_bc,h_bd,h_cd,qubits
Q6,-0.0990831536184552,-0.7415742466199716,1.0,-0.6987591579190854,-0.47936980284291775,0.6095091274866907,-1.0,0.5661369952972022,0.36182492856205534,0.8496159407987007,"[0, 3]"
