qn,h_a,h_b,h_c,h_d,h_ab,h_ac,h_ad,h_bc,h_bd,h_cd,qubits
Q6,-0.21901395004607396,-0.2933575100131447,-0.8784294452840998,0.9523850908934326,-0.31052669463341326,0.8802149646667343,-0.29414535659052404,0.7576639688236871,0.6894688907844447,0.8107846374172991,"[0, 3]"
