qn,h_a,h_b,h_c,h_d,h_ab,h_ac,h_ad,h_bc,h_bd,h_cd,qubits
Q6,1.0,0.9967633552988776,0.5919678978477021,-0.25795235612930917,-0.4952665969908204,0.7097958853948044,-0.22300536068839133,0.6043221680091968,0.5607331707550887,0.4662850505750216,"[1, 3]"
