qn,h_a,h_b,h_c,h_d,h_ab,h_ac,h_ad,h_bc,h_bd,h_cd,qubits
Q6,0.7412519291249948,-0.4097783899294171,0.9974384077272843,-0.01896876705256553,0.7289588601092004,-0.35463800632650694,0.341577581575174,0.2729861167889924,0.07153236056757822,-0.2623095324597433,"[0, 3]"
