qn,h_a,h_b,h_c,h_d,h_ab,h_ac,h_ad,h_bc,h_bd,h_cd,qubits
Q6,0.02779259024308532,-0.7469380677313395,-0.032744591628185674,0.12470210511882243,0.9476041558545049,0.3556017828686218,-0.6028602231457783,0.556705027851258,-0.3133075204511541,0.595277607917133,"[1, 3]"
