qn,h_a,h_b,h_c,h_d,h_ab,h_ac,h_ad,h_bc,h_bd,h_cd,qubits
Q6,-1.0,1.0,0.6343447050663142,-0.36478381520113795,-0.4953485108593535,0.4876517081501859,-0.6091410377813629,0.5355834447031093,0.9400399781766265,0.4892523777248017,"[0, 3]"
