qn,h_a,h_b,h_c,h_d,h_ab,h_ac,h_ad,h_bc,h_bd,h_cd,qubits
Q6,0.015535873423258064,0.8573002264391035,0.9966138722487115,-0.17934173012520066,-0.6994842094983139,0.7917724363921348,0.20469551247548906,0.9296800942967709,-0.21623649665959588,0.37965202721343067,"[0, 3]"
