qn,h_a,h_b,h_c,h_d,h_ab,h_ac,h_ad,h_bc,h_bd,h_cd,qubits
Q6,0.27484135526078546,0.3827602620781669,-1.0,0.31294618540506863,-0.7064882183657747,-0.8153228104624047,-0.6274795772446573,-0.3088785459139046,0.17535635927018836,-0.25997228207466005,"[1, 3]"
