qn,h_a,h_b,h_c,h_d,h_ab,h_ac,h_ad,h_bc,h_bd,h_cd,qubits
Q6,0,0,0,0.007521805346902566,0,0,0,0.05752832575573794,-0.0038761488693615067,-0.0045938862756024264,"[0, 3]"
