qn,h_a,h_b,h_c,h_d,h_ab,h_ac,h_ad,h_bc,h_bd,h_cd,qubits
Q6,-0.5739333632094504,0.1446654100825783,0.20859512933584745,0.23969568210468056,-0.9000930821078249,-0.3289012745604129,0.3275892904395772,-0.19835077870597925,0.8891895119816267,0.3247394434438607,"[0, 3]"
