qn,h_a,h_b,h_c,h_d,h_ab,h_ac,h_ad,h_bc,h_bd,h_cd,qubits
Q6,0.34681055649929304,0.9860738436607531,-0.20830228056975744,-0.11718760221451421,-1.0,0.252201855490597,0.3004964739958922,0.2919817865354385,0.8523628534129065,0.8374668712672109,"[0, 3]"
