qn,h_a,h_b,h_c,h_d,h_ab,h_ac,h_ad,h_bc,h_bd,h_cd,qubits
Q6,-0.9393678008323004,-0.9741177940839846,0.516382719947232,0.567027891237309,-0.8679996545558742,0.5109261052049328,0.5077523769224925,0.846049071092965,-1.0,-0.7514580760556699,"[0, 3]"
