qn,h_a,h_b,h_c,h_d,h_ab,h_ac,h_ad,h_bc,h_bd,h_cd,qubits
Q6,-0.6972042077306438,0.5933808023866484,-0.018488743550804404,0.2602525174965921,0.18937386375520868,-0.5259460395139448,0.8067590411245077,0.40811480088159546,-0.9942593459376825,0.07011501566014464,"[0, 3]"
