qn,h_a,h_b,h_c,h_d,h_ab,h_ac,h_ad,h_bc,h_bd,h_cd,qubits
Q6,-0.03202527617503729,-0.37004200022562034,-0.31228440093248316,-0.503082838390512,-0.9108962429104759,-0.2540322028832864,-0.5485813227842913,0.42597796076535405,0.18191979227931468,-0.9748880396817678,"[0, 3]"
