qn,h_a,h_b,h_c,h_d,h_ab,h_ac,h_ad,h_bc,h_bd,h_cd,qubits
Q6,1.0,-0.5711579006472982,-1.0,0.08056754871158099,-0.7935479868447151,0.3714686484411932,0.8171910061861919,-0.4127717032526412,-0.42444932282730297,-0.739942855763445,"[0, 3]"
