qn,h_a,h_b,h_c,h_d,h_ab,h_ac,h_ad,h_bc,h_bd,h_cd,qubits
Q6,-1.0,0.8648597868632126,-1.0,-0.07914256866598895,0.6012653453612337,0.5087907336183086,0.6346507713886566,-0.2883246645299794,0.8243011760182094,0.4942432854743688,"[1, 3]"
