qn,h_a,h_b,h_c,h_d,h_ab,h_ac,h_ad,h_bc,h_bd,h_cd,qubits
Q6,0.9255451247631081,0.8697906596523935,0.13587720375740006,0.11162827411805604,-0.7935479868447152,-0.02072447361426262,0.8171910061861918,-0.4127717032526412,-0.42444932282730286,-0.739942855763445,"[1, 3]"
