qn,h_a,h_b,h_c,h_d,h_ab,h_ac,h_ad,h_bc,h_bd,h_cd,qubits
Q6,-1.0,0.3160876599075503,0.15376990405166271,0.190234665071351,0.3837542279009474,-0.3689687379878741,1.0,0.32862404662190703,-0.9634234453116178,0.06374644795894445,"[0, 3]"
