qn,h_a,h_b,h_c,h_d,h_ab,h_ac,h_ad,h_bc,h_bd,h_cd,qubits
Q6,-1.0,1.0,-1.0,1.0,0.4089642158643096,0.6576916159613857,0.5422267689965843,0.4134432314961272,-0.4288474366086124,0.17366668131216592,"[1, 3]"
