qn,h_a,h_b,h_c,h_d,h_ab,h_ac,h_ad,h_bc,h_bd,h_cd,qubits
Q6,0.3281111182225841,0,-0.04648471442757331,0.2675972162677648,-0.3687499909954861,0.49066886181300384,1.0,-0.4701608846743813,-0.8673303311431163,-0.2598316041717869,"[0, 3]"
