qn,h_a,h_b,h_c,h_d,h_ab,h_ac,h_ad,h_bc,h_bd,h_cd,qubits
Q6,-1.0,0.6231714970276192,0.14039239805609832,-0.659297100560252,0.029586072878524525,-0.8932749097658379,0.1482352109840263,-0.7065428501883794,0.1457043080811531,0.39951672004186267,"[1, 3]"
