qn,h_a,h_b,h_c,h_d,h_ab,h_ac,h_ad,h_bc,h_bd,h_cd,qubits
Q6,0.05849541325339193,-0.4696703366797378,1.0,0.6005573133822949,0.8170703018395993,0.32222485626482006,-0.9683575143068877,1.0,-0.2724102541472068,0.9946457009029629,"[0, 3]"
