qn,h_a,h_b,h_c,h_d,h_ab,h_ac,h_ad,h_bc,h_bd,h_cd,qubits
Q6,0.0417537374098127,-0.6798001136295653,0.8381136018546875,0.9885798397083464,-0.04590488084507149,-0.3802329814913096,0.014408635481590881,-0.4384136028130276,0.527673388950967,-0.7829154086296795,"[0, 3]"
