qn,h_a,h_b,h_c,h_d,h_ab,h_ac,h_ad,h_bc,h_bd,h_cd,qubits
Q6,-1.0,1.0,0.8326487580360664,-0.07252230658728664,0.5758584676510091,0.060946236408106404,-0.8921814558524941,0.02746876953108233,0.09303501907942124,0.8372035559550511,"[0, 3]"
