qn,h_a,h_b,h_c,h_d,h_ab,h_ac,h_ad,h_bc,h_bd,h_cd,qubits
Q6,-0.04399384511298676,-0.7878384987736123,0.7067848202009169,0.45054034461660303,0.8156317050070494,0.1775144117762229,-0.972096854048806,-0.5312758277571588,0.23355671400331543,0.8980326413752325,"[0, 3]"
