bic,rmse,model,dof
-58.299484925734546,0.21602083232873628,pre,1.0
-5.1595490488293585,0.4156458120962156,pred_U,10.0
-31.713435042696247,0.419903992590151,pred_I,1.0
-48.79639695868693,0.27395176429619456,mean80,1.0
