,index,qn,k_fold,h_a,h_b,h_c,h_d,h_ab,h_ac,h_ad,h_bc,h_bd,h_cd
0,0,Q6,0,0.03882830430917439,-0.4455315909814984,0.5146115126958597,0.24718864946698127,-0.9090626063181644,-0.3004368814208559,0.2644939500908936,0.017008772717507892,-0.28874405300346073,0.9547288957965487
