qn,h_a,h_b,h_c,h_d,h_ab,h_ac,h_ad,h_bc,h_bd,h_cd,qubits
Q6,-1.0,-1.0,-0.3099662195808001,-1.0,0.7200558973657751,0.08810180469326957,0.3027655451293863,0.6840617847192119,-0.7516533697601774,-0.44163264197772006,"[0, 3]"
