qn,h_a,h_b,h_c,h_d,h_ab,h_ac,h_ad,h_bc,h_bd,h_cd,qubits
Q6,0.8654196992939226,0.4133267325915875,0.5798526644429772,0.45215946423264175,0.947604155854505,0.35560178286862176,-0.6028602231457777,0.1266959536537287,-0.3133075204511541,0.595277607917133,"[0, 3]"
