qn,h_a,h_b,h_c,h_d,h_ab,h_ac,h_ad,h_bc,h_bd,h_cd,qubits
Q6,0.46570139904008306,-0.06610184941197816,1.0,-0.0907427729777383,-0.2821659797026964,-0.863581303166591,-0.24415164134380019,-0.8407478446034968,0.96563422746089,-0.6367742973384717,"[0, 3]"
