qn,h_a,h_b,h_c,h_d,h_ab,h_ac,h_ad,h_bc,h_bd,h_cd,qubits
Q6,-0.5659593771581569,-0.1004138011826264,1.0,0.27972025454859467,-0.11946296696599971,0.5879345996006812,-0.9689334488983277,0.5454283748953095,-0.4793855590391618,0.6147210577696833,"[0, 3]"
