qn,h_a,h_b,h_c,h_d,h_ab,h_ac,h_ad,h_bc,h_bd,h_cd,qubits
Q6,-0.2948547975586703,0.19876873188265987,-0.40253445451791703,-0.20065413013035502,-0.8017090915828922,-0.8932749097658376,0.1482352109840263,-0.7065428501883789,-0.28600569048996277,0.39951672004186267,"[0, 3]"
