qn,h_a,h_b,h_c,h_d,h_ab,h_ac,h_ad,h_bc,h_bd,h_cd,qubits
Q6,-0.3501870487767797,0.9804372053755148,-1.0,1.0,-0.9452248136041479,0.34093502035680495,-0.17111485228917364,-0.06835606689521735,-0.719226122809532,-0.6037970218302415,"[0, 3]"
