qn,h_a,h_b,h_c,h_d,h_ab,h_ac,h_ad,h_bc,h_bd,h_cd,qubits
Q6,0.06810042251741238,-0.17674322107306092,-0.009508057164366084,0.1160656165264588,-0.06600191176096465,0.002381863842778341,0.010490922187934319,0.02334801853420315,0.010127378537758209,-0.10939960421658364,"[0, 3]"
