qn,h_a,h_b,h_c,h_d,h_ab,h_ac,h_ad,h_bc,h_bd,h_cd,qubits
Q6,0.7265003150213458,-0.530016082264831,-0.7200248087858568,1.0,-0.2046463260289326,-0.6692916057661338,0.8550171607920666,-0.3044682805089872,0.501624206272311,0.4519959707009031,"[0, 3]"
