qn,h_a,h_b,h_c,h_d,h_ab,h_ac,h_ad,h_bc,h_bd,h_cd,qubits
Q6,-0.9501100800766278,-0.2033201398768333,-0.6220030275978832,0.4134070128876962,-0.11661443131035894,0.6576916159613851,0.9943221718498021,-0.3299457851640166,-0.42884743660861263,0.17366668131216603,"[0, 3]"
