qn,h_a,h_b,h_c,h_d,h_ab,h_ac,h_ad,h_bc,h_bd,h_cd,qubits
Q6,-0.857620064634234,-0.47499888126273077,0.998560951330506,0.6721135737933592,-0.6864172107078308,-0.9628475956451807,-0.8599557125615562,0.2786716722977354,0.2126589233066607,-0.5684634134286304,"[0, 3]"
