bic,rmse,model,dof
-304.64411408101057,0.2871242284807139,pre,1.0
-263.7895502305997,0.27874152712607037,pred_U,11.0
-279.6361060141852,0.3175876096453804,pred_I,1.0
-295.938005737624,0.2916585096305598,mean80,2.0
