qn,h_a,h_b,h_c,h_d,h_ab,h_ac,h_ad,h_bc,h_bd,h_cd,qubits
Q6,-0.9991337859779253,0.21895592297729258,0.20600780369637842,0.04327401533405734,-1.0,-0.022984596641404814,-0.9569503894516047,0.8959404224353608,0.6542309423414642,-1.0,"[0, 3]"
