qn,h_a,h_b,h_c,h_d,h_ab,h_ac,h_ad,h_bc,h_bd,h_cd,qubits
Q6,0.5282043666127548,1.0,0.10331884934992394,0.31131910942495294,0.752778304592077,1.0,-0.8299115772604452,-0.9218904335342354,-0.6603391608708621,0.7562850068588252,"[0, 3]"
