qn,h_a,h_b,h_c,h_d,h_ab,h_ac,h_ad,h_bc,h_bd,h_cd,qubits
Q6,-0.19904170121604967,0.5993104271656854,-0.09934553552001453,-0.49066965287221254,0.6012653453612338,0.03409338443017849,1.0,0.16803665171691629,0.432406607318705,0.49424328547436874,"[0, 3]"
