qn,h_a,h_b,h_c,h_d,h_ab,h_ac,h_ad,h_bc,h_bd,h_cd,qubits
Q6,1.0,0.209667412587295,0.165362447886636,0.22061673035633123,-0.4952665969908209,0.7097958853948044,0.6767623297444625,0.6043221680091969,-0.40839544702414793,0.4662850505750218,"[0, 3]"
