bic,rmse,model,dof
-157.31049584078397,0.28323466419207943,pre,1.0
-124.52570523459677,0.2644082187064248,pred_U,11.0
-153.50268433558193,0.29178705820794376,pred_I,1.0
-186.12472516807446,0.2189127646282181,mean80,2.0
