qn,h_a,h_b,h_c,h_d,h_ab,h_ac,h_ad,h_bc,h_bd,h_cd,qubits
Q6,-0.9989711556000949,1.0,-0.6474543747337554,0.506084349305567,0.575858467651009,0.19782447802456773,-0.8921814558524942,0.26116743827282096,0.5663847888878449,0.8372035559550514,"[0, 3]"
