qn,h_a,h_b,h_c,h_d,h_ab,h_ac,h_ad,h_bc,h_bd,h_cd,qubits
Q6,-0.7930153216846598,-1.0,-0.30966127818710665,-1.0,0.7200558973657751,-0.37370059645635423,0.3123385325997937,0.6840617847192119,-0.7516533697601774,-0.4416326419777203,"[0, 3]"
