qn,h_a,h_b,h_c,h_d,h_ab,h_ac,h_ad,h_bc,h_bd,h_cd,qubits
Q6,-0.32367224416511514,0.6724642500519195,-1.0,-0.03830143829257124,-0.4953485108593539,0.48765170815018544,-0.6091410377813629,0.29042783123789095,0.9400399781766262,0.29597686611467106,"[0, 3]"
