qn,h_a,h_b,h_c,h_d,h_ab,h_ac,h_ad,h_bc,h_bd,h_cd,qubits
Q6,0.24999540955760996,0.723275744255386,-0.9909047785977176,0.10411584036803943,0.7289588601092,-0.35463800632650694,0.34157758157517426,-0.41733866351697696,-0.27276750049617615,-0.21515544442627163,"[0, 3]"
