qn,h_a,h_b,h_c,h_d,h_ab,h_ac,h_ad,h_bc,h_bd,h_cd,qubits
Q6,-0.6704342063355104,0.9996318274299897,-0.3488854288917746,0.41765929399877216,0.13089902107475276,-0.5259460395139443,0.8067590411245077,0.37519385847781456,-0.9942593459376833,-0.000821453308671068,"[1, 3]"
