qn,h_a,h_b,h_c,h_d,h_ab,h_ac,h_ad,h_bc,h_bd,h_cd,qubits
Q6,-0.4704631451361006,-0.996469924671487,0.959316132468325,-0.12403983114266122,-0.8679996545558742,0.5109261052049332,0.5077523769224931,0.8460490710929655,-0.06202127607964127,-0.7514580760556699,"[0, 3]"
