qn,h_a,h_b,h_c,h_d,h_ab,h_ac,h_ad,h_bc,h_bd,h_cd,qubits
Q6,-0.2793272317075428,0.08519048175876766,0.017462990641542678,0.11187791135082695,-0.0778908621432171,-0.11477474330700564,0.002613737124046988,-0.0010429254135074,0.006523523465159284,-0.0972143646451976,"[0, 3]"
