qn,h_a,h_b,h_c,h_d,h_ab,h_ac,h_ad,h_bc,h_bd,h_cd,qubits
Q6,0.9090206168757634,0.6219885211883732,1.0,-0.023732648297466716,-1.0,0.7917724363921343,-0.1037599082117557,0.9296800942967708,0.11778833199843892,0.03840419259902988,"[1, 3]"
