qn,h_a,h_b,h_c,h_d,h_ab,h_ac,h_ad,h_bc,h_bd,h_cd,qubits
Q6,0.9292539433864531,-0.03077708626423724,-0.318151691544987,-0.5905452522377198,0.8977926673614414,0.49066886181300357,1.0,-0.4701608846743816,-0.8673303311431161,-0.25983160417178697,"[0, 3]"
