qn,h_a,h_b,h_c,h_d,h_ab,h_ac,h_ad,h_bc,h_bd,h_cd,qubits
Q6,0.7603904077205326,-0.6636640262812551,-1.0,-0.3406517874316981,-0.9108962429104754,-0.2269849505600413,-0.5485813227842906,0.4259779607653538,-0.59014716519495,-0.9748880396817671,"[0, 3]"
