qn,h_a,h_b,h_c,h_d,h_ab,h_ac,h_ad,h_bc,h_bd,h_cd,qubits
Q6,-0.8809619724250154,0.2868931281369431,0.9983736814966983,-0.059413476719095054,0.3837542279009473,-0.3689687379878741,0.625951626723881,0.4889421156398353,-0.9634234453116174,0.5093025438340504,"[0, 3]"
