qn,h_a,h_b,h_c,h_d,h_ab,h_ac,h_ad,h_bc,h_bd,h_cd,qubits
Q6,-0.1703869895338563,0,1.0,-0.5840352809467725,0.09328470896484027,0.06987333615784477,-0.9689334488983278,0.08711400426968911,-0.17992488221577105,0.6147210577696829,"[0, 3]"
