qn,h_a,h_b,h_c,h_d,h_ab,h_ac,h_ad,h_bc,h_bd,h_cd,qubits
Q6,0.8984389695547622,0.866276904671311,0.9966846146202338,-0.3902797467161375,0.8170703018395992,-0.30368642305465915,-0.9683575143068878,1.0,0.7201141449081312,0.9946457009029624,"[0, 3]"
