qn,h_a,h_b,h_c,h_d,h_ab,h_ac,h_ad,h_bc,h_bd,h_cd,qubits
Q6,-0.35519536069520175,1.0,-1.0,1.0,-0.9452248136041486,0.3409350203568047,-0.17445114956698166,-0.10557919348462129,-0.7192261228095325,-0.6037970218302421,"[0, 3]"
