qn,h_a,h_b,h_c,h_d,h_ab,h_ac,h_ad,h_bc,h_bd,h_cd,qubits
Q6,0.36614246127877714,0.094011463918592,1.0,0.8626089176684947,-0.4793698028429177,0.6095091274866912,-1.0,0.4521376512712373,-0.9138003117467497,0.849615940798701,"[0, 3]"
