qn,h_a,h_b,h_c,h_d,h_ab,h_ac,h_ad,h_bc,h_bd,h_cd,qubits
Q6,1.0,-0.13310815135226436,-0.9772633200639775,0.8086386299681663,-0.2046463260289327,-0.6692916057661338,0.8550171607920666,-0.30446828050898694,0.501624206272311,0.4519959707009029,"[1, 3]"
