qn,h_a,h_b,h_c,h_d,h_ab,h_ac,h_ad,h_bc,h_bd,h_cd,qubits
Q6,0.09991321371758675,0.9864357540745387,-0.7779783800034109,-0.2738764282468087,-0.5260019876517956,0.3574993799309541,-0.9569503894516046,0.8959404224353611,0.6542309423414643,-0.5134335048738601,"[0, 3]"
