qn,h_a,h_b,h_c,h_d,h_ab,h_ac,h_ad,h_bc,h_bd,h_cd,qubits
Q6,-0.30950895487932134,-0.709578789760237,-1.0,1.0,-0.31052669463341326,0.8802149646667344,0.028215772714832086,0.7576639688236876,0.6894688907844442,0.8107846374172991,"[1, 3]"
