qn,h_a,h_b,h_c,h_d,h_ab,h_ac,h_ad,h_bc,h_bd,h_cd,qubits
Q6,-0.6251566328130833,0.08528569848319677,1.0,0.6681935200052216,-0.6864172107078309,-0.9628475956451799,-0.859955712561556,0.15194239617478084,0.2126589233066607,-0.6557767683289031,"[1, 3]"
