qn,h_a,h_b,h_c,h_d,h_ab,h_ac,h_ad,h_bc,h_bd,h_cd,qubits
Q6,1.0,-0.23922828830747841,0.9874304033454021,0.6378350918597088,-0.50656702922322,0.13046348490784582,0.6331380481788975,-0.3477110132336493,0.8523628534129065,0.837466871267211,"[1, 3]"
