qn,h_a,h_b,h_c,h_d,h_ab,h_ac,h_ad,h_bc,h_bd,h_cd,qubits
Q6,0.758191770567485,-0.7699670979709904,-0.12782769772306748,0.045559308336245864,0.8156317050070493,-0.26390929241253275,-0.9720968540488069,-0.5312758277571593,0.23355671400331526,0.8980326413752324,"[1, 3]"
