qn,h_a,h_b,h_c,h_d,h_ab,h_ac,h_ad,h_bc,h_bd,h_cd,qubits
Q6,-0.9997512685205369,-0.19994847437545718,1.0,0.28766775850413456,-0.9000930821078248,-0.19152752086741018,0.32758929043957746,0.44790890115354565,0.8891895119816268,0.5750046337935978,"[1, 3]"
