qn,h_a,h_b,h_c,h_d,h_ab,h_ac,h_ad,h_bc,h_bd,h_cd,qubits
Q6,-0.09401316450003318,0.9995571564709935,1.0,-0.8075037374981278,0.752778304592077,-0.2624632920567716,-0.829911577260445,-0.9218904335342358,-0.6603391608708621,0.7562850068588253,"[1, 3]"
